Anemone,
Amaryllis,
Belladonna Lily,
Amaranth,
Amaranthus,
Aster,
Azalea,
Baby’s Breath,
Gypsophila,
Begonia,
Bellflower,
American bellflower,
Codonopsis,
Chinese bellflower,
Campanula,
Bergamot,
Bee Balm,
Scarlet Beebalm,
Scarlet Monarda,
Oswego Tea,
Crimson Beebalm,
Monarda didyma,
Bird of Paradise,
Strelitzia,
Bluebell,
Hyacinthoides non-scripta,
Bottlebrush,
Callistemon,
Buttercup,
Ranunculus,
Camellia,
Camellias,
Carnation,
Dianthus caryophyllus,
Cherry Blossom,
Sakura,
Chrysanths,
Chrysantemum,
Golden Daisy,
Chrysanthemum,
Columbine,
Aquilegia,
Clover,
Crocus,
Daisy,
Bellis perennis,
Dahlia,
Daffodil,
Narcissus,
Delphinium,
Edelweiss,
Leontopodium alpinum,
Primrose,
Primulaceae,
Forget-Me-Not,
Forget Me Not,
Myosotis,
Foxglove,
Digitalis,
Freesia,
Gerbera,
Gerbera Daisies,
Gladiolus,
Hibiscus,
Heather,
Erica,
Hyacinth,
Hyacinthus,
Holly,
Iris,
Jasmine,
Lady’s Slipper,
Cypripedioideae,
Lavender,
Lilac,
Syringa,
Lily,
Lilium,
Water Lily,
Lotus Flower,
Nelumbo,
Marigold,
Tagetes,
Marjoram,
Mimosa,
Orange Blossom,
Choisya,
Orchid,
Orchidaceae,
Peach Blossom,
Peony,
Petunia,
Rhododendron,
Rosemary,
Roses,
Sage,
Salvia,
Snapdragon,
Antirrhinum,
Sunflower,
Helianthus annuus,
Tansy,
Thistle,
Thyme,
Tulip,
Violets,
Viola,
Nymphaea Odorata,
Zinnia
