Plants, Artists (Ranking: higher = better), 
Potato, "Potato" art artist painting Camille Pissarro, Camille Pissarro (72), Vincent van Gogh (57), Caravaggio (8), Titian (5), Andrew Wyeth (5), Erte (4), Paul Gauguin (4), Jess (4), Leonardo da Vinci (4), Osai (4), Raphael (4), 
Apple, "Apple" art artist painting Jess, Jess (11), Paul Cezanne (9), Rene Magritte (8), Orso (6), Brom (5), 
Gourd, "Gourd" art artist painting Orso, Orso (39), Christo (10), Jess (6), 
Acacia , "Acacia " art artist painting Jess, Jess (79), Vincent van Gogh (20), Christo (18), Frida Kahlo (15), Parr (15), Erte (9), De Es (7), Mikhail Larionov (6), Leonardo da Vinci (5), Mark Rothko (5), Dr. Seuss (5), An He (4), Erro (4), Anne Geddes (4), Johan Laurentz Jensen (4), Gustav Klimt (4), Henri Matisse (4), Claude Monet (4), Pablo Picasso (4), Jackson Pollock (4), Norman Rockwell (4), 
Pomegranate, "Pomegranate" art artist painting Osai, Osai (12), Erro (7), Georg Dionysius Ehret (6), 
Lotus, "Lotus" art artist painting Franz Bischoff, Franz Bischoff (119), Osai (20), Erro (7), 
Aloes, Wood, "Aloes, Wood" art artist painting Erte, Erte (15), 
Lemon, "Lemon" art artist painting Claude Monet, Claude Monet (86), Christo (79), Willem Kalf (37), Osai (22), Edouard Manet (18), Parr (18), Erte (13), Vincent van Gogh (12), Andrew Wyeth (9), Leonardo da Vinci (8), Christopher Brown (6), Paul Cezanne (5), Edgar Degas (5), Erro (5), Camille Pissarro (5), Jess (4), Georgia O'Keeffe (4), Ed Ruscha (4), Cy Twombly (4), 
Iris , "Iris " art artist painting Louis Comfort Tiffany, Louis Comfort Tiffany (83), Osai (33), Vincent van Gogh (30), Claude Monet (10), Pierre Joseph Redoute (10), 
Lily, "Lily" art artist painting Claude Monet, Claude Monet (189), Henri Fantin-Latour (58), Diego Rivera (9), Georgia O'Keeffe (8), An He (7), Erro (4), 
Adam and Eve Roots, "Adam and Eve Roots" art artist painting Michelangelo Buonarroti, Michelangelo Buonarroti (20), Erte (9), An He (5), Albrecht Durer (5), Gustav Klimt (5), Dr. Seuss (4), 
Adder's Tongue, "Adder's Tongue" art artist painting Lucas Cranach the Elder, Lucas Cranach the Elder (132), Odilon Redon (65), Parr (64), Brom (43), Hans Baldung Grien (24), Anna Eliza Hardy (24), Erte (22), Wols (22), Roy Lichtenstein (18), Erro (14), William Blake (13), Christo (13), Sarah Morris (13), Mark Rothko (13), Cornelis Cornelisz. van Haarlem (12), An He (11), Bernard Hall (11), Osai (11), Jan van Eyck (8), Jackson Pollock (7), Alexandre Cabanel (5), Albrecht Durer (5), Eric Fischl (5), Antonio Frasconi (5), Artemisia Gentileschi (5), Gregory Gillespie (5), Wassily Kandinsky (5), Henri Matisse (5), Raphael (5), Peter Paul Rubens (5), Gregory Amenoff (4), Benny Andrews (4), Fritz Eichenberg (4), Joseph Hirsch (4), Yvonne Jacquette (4), Jasper Johns (4), Doris Lee (4), MacKay (4), Sylvia Plimack Mangold (4), Paul Resika (4), May Stevens (4), 
African Violet, "African Violet" art artist painting Jess, Jess (21), Erte (20), Osai (18), Emil Nolde (12), Vincent van Gogh (8), Lynn Donoghue (6), Leonardo da Vinci (5), Anne Geddes (4), Claude Monet (4), 
Agaric, "Agaric" art artist painting Hans Zatzka, Hans Zatzka (239), Albrecht Durer (53), Jean-Honore Fragonard (24), Georg Dionysius Ehret (23), Osai (14), Erro (13), An He (7), Dr. Seuss (7), Erte (6), Vincent van Gogh (6), 
Agrimony, "Agrimony" art artist painting Roberto, Roberto (155), Odilon Redon (82), Pierre Bonnard (72), Henri Manguin (72), Charles Rennie Mackintosh (71), Vincent van Gogh (65), Albrecht Durer (46), Erro (31), Osai (26), Claude Monet (11), Christo (10), Brom (9), Piet Mondrian (8), John Ruskin (7), Charles Camoin (6), Erte (5), Gustav Klimt (5), Emil Nolde (5), Beatrix Potter (5), John James Audubon (4), James Gurney (4), Raphael (4), 
Ague Root, "Ague Root" art artist painting Parr, Parr (94), Erte (87), Erro (48), An He (34), Antico (26), Brom (26), Christo (20), Jess (16), Arman (9), Osai (7), Grant Wood (6), Cesar (5), 
Alfalfa, "Alfalfa" art artist painting Pablo Picasso, Pablo Picasso (1104), Dora Maar (125), Georges Seurat (107), Camille Pissarro (70), Robert Havell (41), Osai (36), Leonardo da Vinci (14), Victor Higgins (12), Jess (10), Claude Monet (9), Alexander Calder (8), Raphael (8), Vincent van Gogh (8), Christo (7), Edgar Degas (7), Gustav Klimt (7), William Morris (7), Paul Gauguin (6), Joan Miro (6), Parr (5), An He (4), Cesar (4), Anne Geddes (4), Edouard Manet (4), Amedeo Modigliani (4), 
Alkanet, "Alkanet" art artist painting Mark Rothko, Mark Rothko (14), Eugene Grasset (12), Jackson Pollock (8), Erte (7), John Whorf (7), Erro (5), Sears Gallagher (5), Wassily Kandinsky (5), Henri Matisse (5), Osai (5), An He (4), Childe Hassam (4), Jasper Johns (4), 
Allspice, "Allspice" art artist painting Tony Abeyta, Tony Abeyta (71), An He (43), Vincent van Gogh (12), Osai (10), Gustav Klimt (6), Claude Monet (6), 
Almond, "Almond" art artist painting Vincent van Gogh, Vincent van Gogh (114), Jess (78), Luc Tuymans (77), Eugene de Blaas (72), Darren Almond (47), Erte (18), Claude Monet (13), Brom (12), Osai (12), Gustav Klimt (10), Leonardo da Vinci (8), Eric Fischl (5), Andrew Wyeth (5), Anne Geddes (4), Parr (4), 
Aloe, "Aloe" art artist painting Mark Rothko, Mark Rothko (86), Erte (72), Abraham Munting (47), Christo (11), Pablo Picasso (6), Georgia O'Keeffe (5), 
Althea, "Althea" art artist painting Camille Pissarro, Camille Pissarro (75), Anna Althea Hills (54), John White Alexander (49), Georgia O'Keeffe (7), Ed Ruscha (6), Cy Twombly (6), Andrew Wyeth (6), Leonardo da Vinci (5), Vincent van Gogh (4), Eduardo Zamacois y Zabala (4), 
Alyssum, "Alyssum" art artist painting Jackson Pollock, Jackson Pollock (231), Franz Kline (184), Yves Klein (60), Leonid (58), Gerhard Richter (52), Parr (51), Jess (46), Hans Namuth (30), Robert Rauschenberg (25), An He (23), Janine Antoni (18), Jasper Johns (18), Willem de Kooning (10), Marcel Duchamp (7), Max Ernst (7), Helen Frankenthaler (7), Robert Motherwell (7), Conrad Marca-Relli (5), 
Amaranth, "Amaranth" art artist painting Hundertwasser, Hundertwasser (15), Joan Mitchell (10), Willem de Kooning (9), Sam Francis (7), Al Held (7), Alberto Burri (6), Franz Kline (6), Alberto Giacometti (5), Osai (5), Richard Pousette-Dart (5), Georgia O'Keeffe (4), Camille Pissarro (4), Ed Ruscha (4), Cy Twombly (4), Andrew Wyeth (4), 
Anemone, "Anemone" art artist painting Parr, Parr (79), Erro (68), Arman (18), Vincent van Gogh (13), Margaret Mellis (9), Edward Hopper (8), Norman Rockwell (6), Henri Matisse (5), Thomas Moran (5), Georgia O'Keeffe (4), Pierre-Auguste Renoir (4), Andrew Wyeth (4), 
Angelica, "Angelica" art artist painting Angelica Kauffmann, Angelica Kauffmann (81), Sir Joshua Reynolds (10), Caravaggio (7), Antonio Zucchi (7), Titian (6), Raphael (5), Robert Adam (4), Claude Monet (4), 
Apricot, "Apricot" art artist painting Camille Pissarro, Camille Pissarro (70), Salvador Dali (43), Vincent van Gogh (41), Sheila Hicks (39), De Es (12), Erte (12), Banksy (6), Anne Geddes (6), Gustav Klimt (6), Claude Monet (6), Gustave Baumann (5), Edgar Degas (5), Leonardo da Vinci (5), Paul Cezanne (4), Paul Gauguin (4), Thomas Kinkade (4), 
Arabic, Gum, No results, 
Arbutus, "Arbutus" art artist painting Jess, Jess (18), William Blake (6), Emily Carr (4), Osai (4), 
Asafoetida, "Asafoetida" art artist painting Osai, Osai (9), Erte (4), Python (4), 
Ash , "Ash " art artist painting Leon de Smet, Leon de Smet (48), Pablo Picasso (31), Zhang Huan (27), Millard Sheets (24), Jane Ash Poitras (23), Vincent van Gogh (11), John Sloan (8), Robert Henri (7), George Bell (5), Gustav Klimt (5), Claude Monet (5), Jean-Michel Basquiat (4), Edward Hopper (4), Georgia O'Keeffe (4), 
Aspen , "Aspen " art artist painting Osai, Osai (6), 
Aster, "Aster" art artist painting Camille Pissarro, Camille Pissarro (70), Claude Monet (13), Pieter Bruegel the Elder (7), Leonardo da Vinci (6), Georgia O'Keeffe (4), Raphael (4), 
Avens, "Avens" art artist painting Wassily Kandinsky, Wassily Kandinsky (77), Andre Derain (59), Sir William Orpen (36), Felix Vallotton (28), Vincent van Gogh (11), Erte (6), Gustav Klimt (5), Claude Monet (5), Dr. Seuss (5), 
Avocado , No results, 
Bachelor's Buttons, "Bachelor's Buttons" art artist painting Leonid, Leonid (203), Jess (41), An He (37), Vincent van Gogh (11), Claude Monet (7), Osai (6), Gustav Klimt (5), 
Balm, Lemon, "Balm, Lemon" art artist painting Beatrix Potter, Beatrix Potter (76), Wanda Gag (65), An He (24), Alphonse Mucha (24), Jess (22), Frida Kahlo (18), Osai (16), Erte (9), Charles Rennie Mackintosh (5), 
Balm of Gilead, "Balm of Gilead" art artist painting Simone Martini, Simone Martini (64), Henry Ossawa Tanner (48), Pierre-Auguste Cot (41), Giuseppe Cades (30), William Morris (12), Raphael (12), Jess (7), Osai (7), An He (4), Erte (4), Parr (4), 
Bamboo, "Bamboo" art artist painting Emperor Huizong, Emperor Huizong (4), 
Banana, "Banana" art artist painting Andrew Wyeth, Andrew Wyeth (5), 
Banyan, "Banyan" art artist painting Osai, Osai (5), 
Barley, "Barley" art artist painting Camille Pissarro, Camille Pissarro (71), Agnes Martin (4), Georgia O'Keeffe (4), Andy Warhol (4), 
Basil , "Basil " art artist painting Georgia O'Keeffe, Georgia O'Keeffe (7), Camille Pissarro (6), Ed Ruscha (6), Cy Twombly (6), Andrew Wyeth (6), Basil Hawkins (5), Erro (4), 
Bay, "Bay" art artist painting Erte, Erte (4), Andy Warhol (4), 
Bean , "Bean " art artist painting Camille Pissarro, Camille Pissarro (70), Annibale Carracci (26), Caravaggio (6), Erro (6), 
Bedstraw, Fragrant , No results, 
Beech, "Beech" art artist painting Camille Pissarro, Camille Pissarro (70), 
Beet, "Beet" art artist painting Vincent van Gogh, Vincent van Gogh (11), Osai (6), Gustav Klimt (5), Claude Monet (5), Erte (4), 
Belladonna, "Belladonna" art artist painting Camille Pissarro, Camille Pissarro (68), 
Benzoin , No results, 
Bergamot, Orange , "Bergamot, Orange " art artist painting Salvador Dali, Salvador Dali (281), Camille Pissarro (68), Erte (7), An He (6), 
Bergamot, Wild, "Bergamot, Wild" art artist painting Salvador Dali, Salvador Dali (241), An He (13), Jess (7), Cesar (5), Christo (4), Erte (4), Elizabeth Murray (4), 
Be-Still, "Be-Still" art artist painting Mark Rothko, Mark Rothko (13), Erte (10), Jackson Pollock (7), Wassily Kandinsky (5), Henri Matisse (5), Jasper Johns (4), 
Betony, Wood, "Betony, Wood" art artist painting Parr, Parr (117), Beatrix Potter (83), Georg Dionysius Ehret (30), Hans Christiansen (6), 
Birch, No results, 
Bistort, "Bistort" art artist painting Parr, Parr (46), Brom (41), Wols (22), Vincent van Gogh (11), Andy Warhol (11), Erro (8), An He (7), Erte (6), Gustav Klimt (6), Christo (5), Claude Monet (5), Raphael (5), Dr. Seuss (5), 
Bittersweet, "Bittersweet" art artist painting Wayne Thiebaud, Wayne Thiebaud (38), Jess (12), Erte (11), Osai (7), Paul Gauguin (4), 
Blackberry , "Blackberry " art artist painting Alex Katz, Alex Katz (21), Erte (17), Parr (13), Leonardo da Vinci (6), Andrew Wyeth (5), 
Bladderwrack, "Bladderwrack" art artist painting Ellsworth Kelly, Ellsworth Kelly (83), Jess (7), 
Bleeding Heart, "Bleeding Heart" art artist painting Georgia O'Keeffe, Georgia O'Keeffe (66), Banksy (39), Mark Rothko (14), Erte (13), Jackson Pollock (7), An He (6), Wassily Kandinsky (5), Henri Matisse (5), Claude Monet (5), Gechu (4), Jasper Johns (4), Pablo Picasso (4), 
Bloodroot, "Bloodroot" art artist painting Parr, Parr (19), Emil Nolde (6), Osai (6), 
Bluebell, "Bluebell" art artist painting Vincent van Gogh, Vincent van Gogh (12), Gustav Klimt (5), Claude Monet (5), Leonid (4), Osai (4), 
Blueberry , "Blueberry " art artist painting Erro, Erro (130), Camille Pissarro (68), Osai (30), Parr (26), Erte (11), Anne Geddes (10), Jan van Eyck (7), Leonardo da Vinci (7), Robert Longo (7), Ron Mueck (7), Jenny Saville (7), Jack Vettriano (7), 
Blue Flag, "Blue Flag" art artist painting Jasper Johns, Jasper Johns (1200), Jess (108), Roy Lichtenstein (79), Jessie Willcox Smith (36), Robert Rauschenberg (31), Philip Johnson (25), Arman (16), An He (11), Christo (9), Eva Hesse (9), Andy Warhol (9), Thomas Kinkade (8), Barnett Newman (7), John Martin (6), Dr. Seuss (5), Kara Walker (5), Erro (4), Hans Haacke (4), Claude Monet (4), 
Bodhi, "Bodhi" art artist painting Vincent van Gogh, Vincent van Gogh (12), Gustav Klimt (5), Claude Monet (5), Jess (4), Georgia O'Keeffe (4), 
Boneset, "Boneset" art artist painting Leonardo da Vinci, Leonardo da Vinci (78), Jess (48), Vincent van Gogh (12), An He (6), Gustav Klimt (6), Claude Monet (6), Erte (5), Yan Han (4), 
Borage, "Borage" art artist painting Charles Rennie Mackintosh, Charles Rennie Mackintosh (1538), Margaret MacDonald (618), William Morris (16), Quentin Massys (8), Raphael (7), Osai (4), 
Bracken , "Bracken " art artist painting Georgia O'Keeffe, Georgia O'Keeffe (5), Camille Pissarro (5), Ed Ruscha (5), Cy Twombly (5), Andrew Wyeth (5), 
Brazil Nut, "Brazil Nut" art artist painting Parr, Parr (12), 
Briony, "Briony" art artist painting Camille Pissarro, Camille Pissarro (68), Erte (21), Vija Celmins (20), Gabriel Orozco (17), Luis Royo (7), Claude Monet (6), Robert Gober (5), Dr. Seuss (4), 
Bromeliad, "Bromeliad" art artist painting Brom, Brom (1871), Damien Hirst (14), Alex Katz (13), Sol LeWitt (13), James Welling (13), Erte (7), 
Broom, "Broom" art artist painting Camille Pissarro, Camille Pissarro (74), Rembrandt van Rijn (10), Vincent van Gogh (10), Georgia O'Keeffe (7), Ed Ruscha (6), Cy Twombly (6), Andrew Wyeth (6), 
Buchu, "Buchu" art artist painting Erte, Erte (6), Orso (5), Andy Warhol (4), 
Buckthorn, "Buckthorn" art artist painting Jess, Jess (60), Erro (35), 
Buckwheat , "Buckwheat " art artist painting Emile Bernard, Emile Bernard (12), Raphael (10), Thomas Cole (9), Louis Anquetin (7), Thomas Worthington Whittredge (6), 
Burdock, "Burdock" art artist painting Leonid, Leonid (189), James Tissot (35), 
Cabbage, "Cabbage" art artist painting Andrew Wyeth, Andrew Wyeth (10), Vincent van Gogh (6), Joseph Wright of Derby (6), Leonardo da Vinci (5), Emile Friant (4), Camille Pissarro (4), Raphael (4), Mark Rothko (4), 
Cactus, "Cactus" art artist painting Jess, Jess (136), John Buck (84), Louis Lozowick (70), Osai (47), Georgia O'Keeffe (16), Barbara Hepworth (14), Ron Mueck (14), An He (13), Erro (8), Erte (8), Tarsila do Amaral (6), Anne Geddes (4), Leonardo da Vinci (4), 
Calamus, "Calamus" art artist painting Vincent van Gogh, Vincent van Gogh (11), Pan Tianshou (7), Edgar Degas (6), Gustav Klimt (5), Claude Monet (5), Qi Baishi (5), Zhu Da (5), An He (4), Erte (4), 
Camellia , "Camellia " art artist painting Jess, Jess (55), Parr (40), Erte (25), Osai (19), Erro (9), Georgia O'Keeffe (9), Alphonse Mucha (8), Anne Geddes (6), Leonardo da Vinci (6), Johan Laurentz Jensen (5), Gustav Klimt (5), Mark Rothko (5), Vincent van Gogh (5), Ando Hiroshige (4), Henri Matisse (4), Claude Monet (4), Pablo Picasso (4), Norman Rockwell (4), 
Camphor , "Camphor " art artist painting Vincent van Gogh, Vincent van Gogh (46), 
Caper, "Caper" art artist painting Andy Warhol, Andy Warhol (27), Vincent van Gogh (14), Gustav Klimt (5), Claude Monet (5), Frederic Remington (5), William Herbert Dunton (4), Leonardo da Vinci (4), Osai (4), 
Caraway, "Caraway" art artist painting Margaret Burroughs, Margaret Burroughs (7), Wolfgang Paalen (4), 
Cardamon, "Cardamon" art artist painting Agnolo Bronzino, Agnolo Bronzino (42), Jess (34), Vincent van Gogh (12), Pablo Picasso (8), Gustav Klimt (7), Claude Monet (7), Osai (7), Gustave Courbet (6), Erte (5), Dr. Seuss (5), An He (4), 
Carnation, "Carnation" art artist painting Alphonse Mucha, Alphonse Mucha (1298), Camille Pissarro (69), John Singer Sargent (55), Leonardo da Vinci (39), Vincent van Gogh (10), Claude Monet (9), Python (9), Gustav Klimt (6), Erte (5), Raphael (5), Anne Geddes (4), 
Carob , "Carob " art artist painting Vincent van Gogh, Vincent van Gogh (45), Claude Monet (14), Gustav Klimt (12), Jane Peterson (5), Leonardo da Vinci (4), 
Carrot, "Carrot" art artist painting Erro, Erro (112), Erte (9), Pieter Aertsen (7), Osai (5), 
Cascara Sagrada, "Cascara Sagrada" art artist painting Erte, Erte (14), An He (6), 
Cashew, "Cashew" art artist painting Roberto, Roberto (12), Thomas Kinkade (5), Gustav Klimt (5), Thomas Moran (5), Thomas Cole (4), LeRoy Neiman (4), Vincent van Gogh (4), 
Castor, "Castor" art artist painting Richard Diebenkorn, Richard Diebenkorn (90), Pablo Picasso (72), Edward Hopper (23), Claude Monet (19), Max Ernst (16), Cy Twombly (8), Gerardo (6), Henri Matisse (6), Osai (6), Jan Vermeer (6), Joan Mitchell (5), Gerhard Richter (5), 
Catnip, "Catnip" art artist painting Caravaggio, Caravaggio (7), 
Cat Tail , "Cat Tail " art artist painting Jess, Jess (118), Marisol (81), An He (16), Damien Hirst (15), Alex Katz (13), Sol LeWitt (13), James Welling (13), Anne Geddes (4), Leonardo da Vinci (4), Andy Warhol (4), 
Cedar, "Cedar" art artist painting Helen Frankenthaler, Helen Frankenthaler (72), Pierre Bonnard (54), Peder Mork Monsted (54), Gordon Parks (30), Grant Wood (23), Orso (18), Erte (13), Joaquin Sorolla y Bastida (12), Osai (9), An He (7), Kcho (5), Marvin Cone (4), Anne Geddes (4), Python (4), 
Celandine , "Celandine " art artist painting Elizabeth Shippen Green, Elizabeth Shippen Green (78), Camille Pissarro (68), Jess (10), Osai (9), Howard Pyle (6), Jessie Willcox Smith (6), Erte (5), 
Celery, "Celery" art artist painting Osai, Osai (129), Jess (45), Erte (21), Caravaggio (11), Charles Rennie Mackintosh (7), John William Waterhouse (7), Brom (6), Robert Doisneau (4), 
Centaury, "Centaury" art artist painting Salvador Dali, Salvador Dali (26), Pablo Picasso (7), Jackson Pollock (6), Vincent van Gogh (6), Andy Warhol (5), Joan Eardley (4), Jess (4), Rene Magritte (4), Pablo Palazuelo (4), Ad Reinhardt (4), 
Chamomile. German , No results, 
Chamomile, Roman, "Chamomile, Roman" art artist painting An He, An He (49), Jess (40), Erte (9), De Es (4), Osai (4), Parr (4), 
Cherry, "Cherry" art artist painting Georgia O'Keeffe, Georgia O'Keeffe (4), Camille Pissarro (4), Ed Ruscha (4), Cy Twombly (4), Andrew Wyeth (4), 
Chestnut, "Chestnut" art artist painting Erte, Erte (10), Georgia O'Keeffe (5), Camille Pissarro (5), Ed Ruscha (5), Cy Twombly (5), Andrew Wyeth (5), 
Chickweed, "Chickweed" art artist painting Suzanne Valadon, Suzanne Valadon (331), Frida Kahlo (269), Georgia O'Keeffe (201), Mary Cassatt (175), Emily Carr (65), Diego Rivera (60), Moderno (24), Vincent van Gogh (22), An He (21), Karoly Ferenczy (12), Maurice Utrillo (12), Gustav Klimt (10), Erro (8), John William Waterhouse (8), John Singer Sargent (7), Marc Chagall (6), Edgar Degas (6), Erte (6), Agnes Goodsir (6), Henri Matisse (6), Pablo Picasso (6), Paul Cezanne (5), Paul Gauguin (5), Claude Monet (5), Berthe Morisot (5), Parr (5), John James Audubon (4), 
Chicory, "Chicory" art artist painting Vincent van Gogh, Vincent van Gogh (314), Rembrandt van Rijn (184), Willem Kalf (137), Caravaggio (83), John Singer Sargent (72), Jan Vermeer (41), Georgia O'Keeffe (30), Erro (10), Piet Mondrian (8), An He (6), Pieter Claesz (6), Willem Claesz. Heda (6), Pieter de Hooch (6), Peter Paul Rubens (5), Anne Geddes (4), 
Chili Pepper, "Chili Pepper" art artist painting Erro, Erro (4), Erte (4), Anne Geddes (4), Leonardo da Vinci (4), 
China Berry, "China Berry" art artist painting Erte, Erte (15), Erro (9), An He (7), Reuben Nakian (6), Ray Eames (4), Victor Vasarely (4), 
Chrysanthemum, "Chrysanthemum" art artist painting Claude Monet, Claude Monet (16), Pierre-Auguste Renoir (8), Ogata Korin (6), Piet Mondrian (5), Erte (4), 
Cinchona, "Cinchona" art artist painting Adriaen Brouwer, Adriaen Brouwer (21), Andy Warhol (10), Brom (5), Frans Hals (4), Henri Martin (4), 
Cinnamon, "Cinnamon" art artist painting Osai, Osai (15), Erte (8), Jess (6), David Smith (6), An He (4), 
Cinquefoil, "Cinquefoil" art artist painting Amedeo Modigliani, Amedeo Modigliani (108), Odilon Redon (84), George Lambert (46), Jess (41), Pierre Joseph Redoute (36), Jacob Cats (25), Isaac Grunewald (24), Pierre Bonnard (10), Charles Burchfield (10), Edouard Vuillard (10), Diego Rivera (9), Dr. Seuss (5), Louis Icart (4), Claude Monet (4), Osai (4), Parr (4), Vincent van Gogh (4), 
Citron , "Citron " art artist painting Erro, Erro (839), 
Cleavers, "Cleavers" art artist painting Clare Romano, Clare Romano (134), Eyvind Earle (78), Rembrandt van Rijn (30), Antonio Frasconi (23), Georgia O'Keeffe (13), Roger Shimomura (13), Osai (7), Erte (6), Lucian Freud (6), Kathe Kollwitz (6), An He (5), Banksy (5), David Hockney (5), Raphael (4), 
Cloth-of-Gold, "Cloth-of-Gold" art artist painting Sir John Gilbert, Sir John Gilbert (13), Raphael (4), 
Clove, "Clove" art artist painting Thomas Cole, Thomas Cole (4), 
Clover, "Clover" art artist painting Thomas Kinkade, Thomas Kinkade (30), Winslow Homer (11), Erte (7), Camille Pissarro (6), Georgia O'Keeffe (5), Ed Ruscha (5), Cy Twombly (5), Andrew Wyeth (5), Osai (4), Python (4), 
Club Moss, "Club Moss" art artist painting Osai, Osai (28), Orso (18), An He (11), Jules Pascin (8), Erte (7), MacKay (5), Antoine Coypel (4), Charles-Antoine Coypel (4), Erro (4), Lucian Freud (4), 
Coconut, "Coconut" art artist painting Christo, Christo (48), Jess (18), Brom (12), Erte (12), Fernando Botero (6), Frida Kahlo (5), Anne Geddes (4), 
Cohosh, Black , "Cohosh, Black " art artist painting An He, An He (90), Jess (23), Erte (20), Erro (12), Christo (11), Parr (10), Thomas Jefferson (8), De Es (7), Arman (6), Brom (6), Gerardo (6), Roberto (6), 
Coltsfoot, "Coltsfoot" art artist painting John Singer Sargent, John Singer Sargent (234), Sir Henry Raeburn (72), Gari Melchers (66), Victor Mottez (66), James McNeill Whistler (59), Paolo Veronese (54), Ivan Shishkin (20), Claude Monet (8), Osai (7), Lucian Freud (6), Leonardo da Vinci (6), Vincent van Gogh (6), Albrecht Durer (5), Raphael (5), Caravaggio (4), Gustave Courbet (4), Donatello (4), El Greco (4), Edouard Manet (4), Georgia O'Keeffe (4), Camille Pissarro (4), Titian (4), 
Columbine, "Columbine" art artist painting Camille Pissarro, Camille Pissarro (68), 
Comfrey, "Comfrey" art artist painting Vincent van Gogh, Vincent van Gogh (191), Camille Pissarro (68), Christo (18), Beatrix Potter (18), Jess (9), Cesar (8), Parr (4), Grayson Perry (4), 
Copal , "Copal " art artist painting Camille Pissarro, Camille Pissarro (68), Subodh Gupta (4), 
Coriander, "Coriander" art artist painting Ronnie Landfield, Ronnie Landfield (17), Vincent van Gogh (13), Gustav Klimt (8), Claude Monet (8), William Blake (6), Roberto (5), Dr. Seuss (5), John James Audubon (4), Jean-Michel Basquiat (4), Henri Matisse (4), Mark Rothko (4), 
Corn , "Corn " art artist painting Pieter Bruegel the Elder, Pieter Bruegel the Elder (9), Sergei Ivanov (8), Andrew Wyeth (5), 
Cotton , "Cotton " art artist painting Caravaggio, Caravaggio (10), Erro (10), Erte (8), 
Cowslip, "Cowslip" art artist painting Alphonse Mucha, Alphonse Mucha (1362), Vincent van Gogh (133), Camille Pissarro (84), Claude Monet (79), Abbott Fuller Graves (72), Ivan Shishkin (72), Helen Allingham (66), Ilya Repin (66), Charles Rennie Mackintosh (45), John La Farge (42), Willard Leroy Metcalf (42), William Morris (40), Frits Thaulow (30), Albrecht Durer (17), Walter Crane (13), Edward Burne-Jones (12), John Hayter (12), Erte (9), Erro (7), Gustav Klimt (7), Raphael (6), Louis Aston Knight (5), Parr (4), 
Crocus , "Crocus " art artist painting Camille Pissarro, Camille Pissarro (68), 
Cubeb, "Cubeb" art artist painting Camille Pissarro, Camille Pissarro (68), Diego Rivera (20), Frida Kahlo (15), Orso (15), Erte (14), Maria Sibylla Merian (12), Jean-Michel Basquiat (10), Roy Lichtenstein (10), Henri Matisse (10), Pablo Picasso (10), Andy Warhol (10), Keith Haring (8), Gustav Klimt (8), Claude Monet (8), Mark Rothko (8), Vincent van Gogh (8), Frank Lloyd Wright (8), Marc Chagall (7), Salvador Dali (7), Edgar Degas (7), Paul Gauguin (7), Edward Hopper (7), Wassily Kandinsky (7), Leonardo da Vinci (7), Georgia O'Keeffe (7), Fra Angelico (6), Romare Bearden (6), Pieter Bruegel the Elder (6), Caravaggio (6), Mary Cassatt (6), Paul Cezanne (6), Frederic Edwin Church (6), M.C. Escher (6), John Haberle (6), Wolf Kahn (6), Hughie Lee-Smith (6), Glenn Ligon (6), Charles McGee (6), Amedeo Modigliani (6), Robert Moskowitz (6), Edvard Munch (6), Auguste Rodin (6), Rachel Ruysch (6), Georges Seurat (6), John Sloan (6), Wayne Thiebaud (6), Titian (6), Diego Velazquez (6), James McNeill Whistler (6), Yoko Ono (5), An He (4), 
Cuckoo-Flower, "Cuckoo-Flower" art artist painting Charles Rennie Mackintosh, Charles Rennie Mackintosh (4), 
Cucumber, "Cucumber" art artist painting Andrew Wyeth, Andrew Wyeth (5), 
Cumin, "Cumin" art artist painting Emil Nolde, Emil Nolde (6), 
Curry , "Curry " art artist painting John Steuart Curry, John Steuart Curry (138), Dr. Seuss (14), Thomas Hart Benton (12), Grant Wood (11), Erte (10), Georgia O'Keeffe (5), Camille Pissarro (5), John Singleton Copley (4), Ed Ruscha (4), Cy Twombly (4), Andrew Wyeth (4), 
Cyclamen, "Cyclamen" art artist painting Camille Pissarro, Camille Pissarro (68), 
Cypress , "Cypress " art artist painting Vincent van Gogh, Vincent van Gogh (84), Erro (4), 
Daffodil , "Daffodil " art artist painting Georgia O'Keeffe, Georgia O'Keeffe (34), Parr (22), Erte (16), Erro (9), Mark Rothko (6), Leonardo da Vinci (5), Berthe Morisot (5), Norman Rockwell (5), Louis Comfort Tiffany (5), Walter Crane (4), Salvador Dali (4), Anne Geddes (4), Gustav Klimt (4), Henri Matisse (4), Claude Monet (4), Pablo Picasso (4), Vincent van Gogh (4), 
Daisy , "Daisy " art artist painting Jess, Jess (81), Andy Warhol (9), Erte (7), Osai (6), Vincent van Gogh (6), Claude Monet (4), 
Damiana, "Damiana" art artist painting Osai, Osai (10), An He (6), Christo (6), Frida Kahlo (6), Pablo Picasso (6), 
Dandelion , "Dandelion " art artist painting John Walker, John Walker (35), Jess (31), Claude Monet (23), Parr (13), Vincent van Gogh (12), Erte (6), Gustav Klimt (6), John James Audubon (4), Jean-Michel Basquiat (4), 
Datura, "Datura" art artist painting Camille Pissarro, Camille Pissarro (68), El Greco (6), 
Deerstongue, "Deerstongue" art artist painting Camille Pissarro, Camille Pissarro (68), John William Waterhouse (48), Raphael (32), Erte (13), Parr (10), Osai (6), 
Devil's Bit, "Devil's Bit" art artist painting Arman, Arman (6), John James Audubon (6), Ralston Crawford (6), Clarence John Laughlin (6), Osai (6), Robert Bevan (4), 
Devil's Shoestring, "Devil's Shoestring" art artist painting Osai, Osai (29), An He (18), Milton Glaser (8), Jess (8), 
Dill, "Dill" art artist painting Cy Twombly, Cy Twombly (322), Lesley Dill (284), Louise Bourgeois (149), Sandro Botticelli (54), Laddie John Dill (53), Ed Ruscha (43), Robert Motherwell (16), Damien Hirst (14), Alex Katz (13), Sol LeWitt (13), James Welling (13), Robert Irwin (8), Georgia O'Keeffe (8), Erte (7), Camille Pissarro (7), Andrew Wyeth (7), Larry Bell (6), John Chamberlain (6), Robert Smithson (6), Dennis Oppenheim (5), Orso (5), Osai (5), Keith Sonnier (5), Fletcher Benton (4), Steven Campbell (4), Roy Lichtenstein (4), Robert Rauschenberg (4), Saul Steinberg (4), 
Dittany of Crete , "Dittany of Crete " art artist painting Parr, Parr (83), Erte (39), Jess (31), An He (18), Osai (17), Maxfield Parrish (11), Raphael (7), Cesar (5), Harry Clarke (4), Erro (4), El Greco (4), 
Dock, "Dock" art artist painting Winslow Homer, Winslow Homer (15), Claude Monet (13), Anne Geddes (6), Antony Gormley (6), Erro (5), Frank Duveneck (4), Atkinson Grimshaw (4), Leonardo da Vinci (4), 
Dodder, "Dodder" art artist painting Camille Pissarro, Camille Pissarro (70), Elizabeth Blackadder (66), Joris Hoefnagel (66), Qi Baishi (37), Georg Dionysius Ehret (24), Edouard Manet (8), Paul Henry (7), Claude Monet (6), Osai (6), Erte (5), Sir John Lavery (5), Edgar Degas (4), Sean Keating (4), Parr (4), Andy Warhol (4), 
Dogbane, "Dogbane" art artist painting An He, An He (11), Christo (6), Osai (6), 
Dogwood , "Dogwood " art artist painting Albert Bierstadt, Albert Bierstadt (16), Parr (13), Erte (8), Jess (6), Gustav Klimt (5), Henri Matisse (5), Claude Monet (5), Mark Rothko (5), Dr. Seuss (5), Ansel Adams (4), Edgar Degas (4), Erro (4), Anne Geddes (4), Edward Hopper (4), Wassily Kandinsky (4), Leonardo da Vinci (4), Roy Lichtenstein (4), Georgia O'Keeffe (4), Norman Rockwell (4), 
Dragon's Blood , "Dragon's Blood " art artist painting Titian, Titian (15), David Johnson (11), Erte (9), Osai (8), Raphael (7), Tintoretto (7), An He (5), Caravaggio (5), Python (5), Erro (4), Dr. Seuss (4), 
Dulse, "Dulse" art artist painting Alex Katz, Alex Katz (303), Andrew Wyeth (133), Osai (6), Richard Wentworth (6), David Bates (5), David Cox (5), 
Dutchman's Breeches, "Dutchman's Breeches" art artist painting Raphael, Raphael (35), Raphaelle Peale (25), Parr (22), James Peale (14), Erte (11), Osai (7), Rubens Peale (6), Paul Klee (5), Severin Roesen (5), Brom (4), William Mason Brown (4), Christo (4), Jess (4), 
Ebony, "Ebony" art artist painting Ernie Barnes, Ernie Barnes (559), Romare Bearden (13), Claude Monet (11), John William Waterhouse (7), Jacob Lawrence (5), Raphael (5), Lorna Simpson (5), Vincent van Gogh (5), Sam Gilliam (4), Martin Puryear (4), Alma Thomas (4), 
Echinacea, "Echinacea" art artist painting Mark Rothko, Mark Rothko (73), Tamara de Lempicka (71), Georgia O'Keeffe (20), Vincent van Gogh (11), Frida Kahlo (7), Leonardo da Vinci (7), Gustav Klimt (5), Claude Monet (5), 
Edelweiss, "Edelweiss" art artist painting Edgar Maxence, Edgar Maxence (467), Gustave Moreau (76), James Sant (72), Gustave Caillebotte (71), John Everett Millais (71), William McGregor Paxton (65), Thomas Kinkade (61), Raphael (55), Jess (40), Francis Coates Jones (36), Emile Friant (35), Osai (28), Hans Zatzka (18), Willem Maris (12), Parr (9), An He (7), Benjamin Constant (6), Sir Frank Dicksee (6), Francois Gerard (6), Robert Motherwell (6), John O'Brien (6), Pierre-Auguste Renoir (6), John Varley (6), Christo (4), Anne Geddes (4), 
Elder, American , "Elder, American " art artist painting Wyndham Lewis, Wyndham Lewis (4), 
Elecampane , No results, 
Elm, "Elm" art artist painting Jess, Jess (72), Alice Neel (66), Erte (6), Christo (5), Osai (5), Anne Geddes (4), 
Endive, "Endive" art artist painting Edwin Deakin, Edwin Deakin (72), Richard Diebenkorn (70), Erro (56), Jan Davidsz. de Heem (54), Erte (14), Frans Snyders (12), Vincent van Gogh (11), Wayne Thiebaud (8), Henri Rousseau (6), Gustav Klimt (5), Claude Monet (5), 
Eryngo, "Eryngo" art artist painting Karl Blossfeldt, Karl Blossfeldt (752), Raphael (60), August Sander (59), Brom (30), Wols (20), Thomas Ruff (15), Man Ray (13), Roberto (13), Vincent van Gogh (11), Albert Renger-Patzsch (9), Cindy Sherman (9), Thomas Struth (9), Louis Wain (9), Eugene Atget (8), Julia Margaret Cameron (8), Paul Outerbridge (8), Robert Adam (7), Robert Adams (7), Erte (7), Erro (6), Robert Frank (6), Gustav Klimt (6), Parr (6), Kurt Schwitters (6), Giorgio Sommer (6), Jeff Wall (6), Hans Bellmer (5), Ilse Bing (5), Claude Cahun (5), Roger Fenton (5), Andreas Gursky (5), William Harvey (5), Dora Maar (5), Claude Monet (5), Osai (5), Ivan Albright (4), Hilla Becher (4), Salvador Dali (4), Robert Delaunay (4), Louis Icart (4), Orso (4), Diego Rivera (4), 
Eucalyptus , No results, 
Euphorbia , "Euphorbia " art artist painting Camille Pissarro, Camille Pissarro (68), Parr (13), Erte (5), Anne Geddes (4), 
Eyebright, "Eyebright" art artist painting Caravaggio, Caravaggio (70), Erte (12), 
Fennel , "Fennel " art artist painting An He, An He (25), George Fennel Robson (10), Emil Nolde (6), 
Fenugreek , "Fenugreek " art artist painting Osai, Osai (8), An He (7), Dr. Seuss (7), Erte (6), 
Fern , "Fern " art artist painting Fern Isabel Coppedge, Fern Isabel Coppedge (205), Andrew Wyeth (162), Jane Peterson (65), Henry Ossawa Tanner (65), Marsden Hartley (29), Erro (28), Daniel Garber (23), Rae Sloan Bredin (18), Robert Spencer (18), Erte (10), Georgia O'Keeffe (9), Stuart Davis (6), Kate Greenaway (6), Camille Pissarro (6), Ed Ruscha (6), Edmund Charles Tarbell (6), Cy Twombly (6), Christo (5), Leonardo da Vinci (5), Mark Rothko (5), Vincent van Gogh (5), Anne Geddes (4), Gustav Klimt (4), Henri Matisse (4), Claude Monet (4), Pablo Picasso (4), Norman Rockwell (4), Brett Weston (4), 
Feverfew , No results, 
Fig, "Fig" art artist painting Camille Pissarro, Camille Pissarro (68), Robert Ryman (66), Andrew Wyeth (10), Joseph Wright of Derby (6), Leonardo da Vinci (5), Parr (5), Mark Rothko (5), Vincent van Gogh (5), Emile Friant (4), 
Figwort, "Figwort" art artist painting Camille Pissarro, Camille Pissarro (68), Cesar (18), Erte (5), Dr. Seuss (5), 
Flax , "Flax " art artist painting Georgia O'Keeffe, Georgia O'Keeffe (4), Camille Pissarro (4), Ed Ruscha (4), Cy Twombly (4), Andrew Wyeth (4), 
Fleabane , No results, 
Foxglove, "Foxglove" art artist painting Thomas Kinkade, Thomas Kinkade (40), Python (4), 
Frankincense, "Frankincense" art artist painting David Hockney, David Hockney (5), Erte (4), Leonardo da Vinci (4), 
Fumitory , "Fumitory " art artist painting Vincent van Gogh, Vincent van Gogh (11), Gustav Klimt (5), Claude Monet (5), 
Fuzzy Weed , "Fuzzy Weed " art artist painting An He, An He (9), Erte (6), Anne Geddes (4), Julian Onderdonk (4), 
Galangal, "Galangal" art artist painting Erte, Erte (65), Roberto (54), Henri Rousseau (54), Charles Rennie Mackintosh (25), William Morris (18), An He (16), Parr (13), Frank Lloyd Wright (13), Wayne Thiebaud (8), Walter Crane (6), Jim Dine (5), Erro (5), Jess (5), Osai (5), Beatrix Potter (5), Maxfield Parrish (4), Dieter Roth (4), Gustav Stickley (4), 
Gardenia, "Gardenia" art artist painting Vincent van Gogh, Vincent van Gogh (11), Gustav Klimt (5), Claude Monet (5), Dr. Seuss (5), 
Garlic , "Garlic " art artist painting Parr, Parr (26), Erro (18), An He (13), Vincent van Gogh (13), Erte (12), Giuseppe Arcimboldo (6), Anne Geddes (4), Leonardo da Vinci (4), Claude Monet (4), Osai (4), 
Gentian, "Gentian" art artist painting Michael David, Michael David (72), Osai (26), Erte (13), Georgia O'Keeffe (11), Claude Monet (6), Camille Pissarro (6), Ed Ruscha (6), Cy Twombly (6), Andrew Wyeth (6), Parr (5), Ansel Adams (4), Wassily Kandinsky (4), Gustav Klimt (4), 
Geranium, "Geranium" art artist painting Vincent van Gogh, Vincent van Gogh (72), Leonardo da Vinci (7), Pierre Joseph Redoute (6), Erro (4), 
Ginger , "Ginger " art artist painting Jess, Jess (6), 
Ginseng, American , No results, 
Goat's Rue, "Goat's Rue" art artist painting Osai, Osai (79), Erte (4), 
Goldenrod, "Goldenrod" art artist painting Robert Bateman, Robert Bateman (1299), Camille Pissarro (68), Carl Brenders (48), John Singer Sargent (5), 
Golden Seal , "Golden Seal " art artist painting Jules Cheret, Jules Cheret (6), 
Gorse, "Gorse" art artist painting Henri Matisse, Henri Matisse (72), Paul Cezanne (30), An He (6), Marcel Duchamp (6), Pablo Picasso (6), Peter Coker (5), Charles M. Russell (4), 
Gotu Kola, "Gotu Kola" art artist painting Erte, Erte (72), Claude Monet (71), Lotte Jacobi (48), Frida Kahlo (47), Karl Lagerfeld (35), Coco Chanel (22), Auguste Rodin (18), Elsa Schiaparelli (17), An He (6), Erro (6), Horst P. Horst (6), Gilbert Stuart (6), Gustav Klimt (5), Henri Matisse (5), John Pike (5), Gego (4), 
Grain, "Grain" art artist painting Ralston Crawford, Ralston Crawford (5), Anne Geddes (4), Vincent van Gogh (4), 
Grains of Paradise, "Grains of Paradise" art artist painting John William Waterhouse, John William Waterhouse (1144), Raphael (841), John Singer Sargent (167), Marianne Stokes (54), Arthur Hughes (42), Edward Burne-Jones (6), Erro (6), John O'Connor (6), William Wood (6), Parr (5), Erte (4), 
Grape, "Grape" art artist painting Zhang Yi, Zhang Yi (15), Leonetto Cappiello (4), 
Grass, "Grass" art artist painting Berthe Morisot, Berthe Morisot (6), Jess (4), Claude Monet (4), Camille Pissarro (4), Titian (4), 
Ground Ivy, "Ground Ivy" art artist painting William Trost Richards, William Trost Richards (33), Hendrick Goltzius (32), Raphael (20), Karel van Mander (17), Ambrogio de Predis (12), Erte (11), Caravaggio (9), Leonardo da Vinci (8), Giovanni Antonio Boltraffio (6), El Greco (6), An He (4), 
Groundsel , "Groundsel " art artist painting Camille Pissarro, Camille Pissarro (68), Michael Landy (7), 
Hawthorn, "Hawthorn" art artist painting Charles Webster Hawthorne, Charles Webster Hawthorne (5), Erte (4), Georgia O'Keeffe (4), Camille Pissarro (4), Ed Ruscha (4), Cy Twombly (4), Andrew Wyeth (4), 
Hazel, "Hazel" art artist painting Erte, Erte (7), Georgia O'Keeffe (4), Camille Pissarro (4), Ed Ruscha (4), Cy Twombly (4), Andrew Wyeth (4), 
Heather , "Heather " art artist painting Mark Rothko, Mark Rothko (13), Jackson Pollock (7), Erte (6), Wassily Kandinsky (5), Henri Matisse (5), Jasper Johns (4), 
Heliotrope , "Heliotrope " art artist painting Erte, Erte (8), John Gamble (8), 
Hellebore, Black, No results, 
Hemlock, No results, 
Hemp, "Hemp" art artist painting Parr, Parr (84), Erte (20), Jess (14), Erro (10), Osai (8), An He (7), 
Henbane , "Henbane " art artist painting Camille Pissarro, Camille Pissarro (68), 
Henna, "Henna" art artist painting An He, An He (54), 
Hibiscus, "Hibiscus" art artist painting Henri Matisse, Henri Matisse (72), Georgia O'Keeffe (62), Andrew Wyeth (59), Alfred Stieglitz (42), Leonid (41), Ando Hiroshige (30), Vincent van Gogh (7), Erte (6), Leonardo da Vinci (5), Erro (4), Anne Geddes (4), Osai (4), 
Hickory, "Hickory" art artist painting Erte, Erte (8), Tintoretto (6), Andy Warhol (6), Anne Geddes (4), 
High John the Conqueror, "High John the Conqueror" art artist painting Mark Rothko, Mark Rothko (13), Erte (10), Jackson Pollock (7), Wassily Kandinsky (5), Henri Matisse (5), An He (4), Jasper Johns (4), Osai (4), Betye Saar (4), 
Holly, "Holly" art artist painting Jess, Jess (99), Mark Rothko (13), Jackson Pollock (7), Wassily Kandinsky (5), Henri Matisse (5), Erte (4), Jasper Johns (4), 
Honesty, "Honesty" art artist painting William Hogarth, William Hogarth (6), 
Honeysuckle, "Honeysuckle" art artist painting Johan Laurentz Jensen, Johan Laurentz Jensen (34), Sophie Anderson (10), Andrew Wyeth (5), 
Hops, "Hops" art artist painting Georgia O'Keeffe, Georgia O'Keeffe (5), Camille Pissarro (5), Ed Ruscha (5), Cy Twombly (5), Andrew Wyeth (5), 
Horehound, "Horehound" art artist painting Currier and Ives, Currier and Ives (8), Osai (5), Erte (4), Louis Icart (4), 
Horse Chestnut, "Horse Chestnut" art artist painting Mary Cassatt, Mary Cassatt (36), Erte (5), 
Horseradish, "Horseradish" art artist painting Franz Kline, Franz Kline (82), Jess (10), Helen Frankenthaler (5), 
Horsetail, "Horsetail" art artist painting Edvard Munch, Edvard Munch (72), Nampeyo (16), 
Houndstongue, "Houndstongue" art artist painting Walter Crane, Walter Crane (1481), Camille Pissarro (68), Erro (40), Erte (19), Parr (18), An He (13), Randolph Caldecott (12), Kate Greenaway (12), Mark Catesby (11), Christo (8), Osai (5), 
Houseleek , "Houseleek " art artist painting Camille Pissarro, Camille Pissarro (68), 
Huckleberry , "Huckleberry " art artist painting Camille Pissarro, Camille Pissarro (68), Dr. Seuss (28), Thomas Hart Benton (21), 
Hyacinth, "Hyacinth" art artist painting Hyacinthe Rigaud, Hyacinthe Rigaud (21), Christo (12), Marcel Duchamp (5), Erte (5), Erro (4), 
Hydrangea, No results, 
Hyssop, "Hyssop" art artist painting Louis Wain, Louis Wain (156), Walton Ford (142), William Holbrook Beard (84), John James Audubon (27), Osai (24), Vincent van Gogh (11), Sandro Botticelli (5), Gustav Klimt (5), Claude Monet (5), 
Indian Paint Brush, "Indian Paint Brush" art artist painting An He, An He (72), Osai (38), Arman (4), Erte (4), Anne Geddes (4), 
Irish Moss, "Irish Moss" art artist painting Doug Aitken, Doug Aitken (59), Jess (27), Osai (19), Cesar (6), Cy Twombly (6), John James Audubon (4), Erte (4), Pablo Picasso (4), Paul Ranson (4), Brett Weston (4), 
Ivy, "Ivy" art artist painting Jess, Jess (102), Vincent van Gogh (34), Paul Gauguin (4), 
Jasmine, "Jasmine" art artist painting Thomas Kinkade, Thomas Kinkade (24), Osai (8), An He (6), Erro (4), Vincent van Gogh (4), 
Job's Tears , "Job's Tears " art artist painting Antony Gormley, Antony Gormley (66), Mark Rothko (66), Vincent van Gogh (65), Leonardo da Vinci (63), Charles Burchfield (36), Edda Renouf (35), Erro (17), Christo (12), Erte (11), An He (8), Hu Yuan (8), Gerhard Richter (6), Ed Carpenter (5), Albrecht Durer (5), Jess (5), Henry Moore (5), Parr (4), 
Joe-Pye Weed, "Joe-Pye Weed" art artist painting Anna Atkins, Anna Atkins (12), Frida Kahlo (10), 
Juniper, "Juniper" art artist painting Brom, Brom (10), Georgia O'Keeffe (5), Camille Pissarro (5), Ed Ruscha (5), Cy Twombly (5), Andrew Wyeth (5), 
Kava-Kava, "Kava-Kava" art artist painting Parr, Parr (5), 
Kelp , "Kelp " art artist painting Erte, Erte (12), Brett Weston (7), Cesar (6), Gustav Klimt (6), Anne Geddes (4), Claude Monet (4), Paul Ranson (4), 
Knotweed, "Knotweed" art artist painting Nicolaus, Nicolaus (20), Qi Baishi (17), An He (14), Erte (4), 
Lady's Mantle , "Lady's Mantle " art artist painting Paul de Longpre, Paul de Longpre (54), Jean-Baptiste Robie (48), Osai (9), Marina Abramovic (8), Cesar (8), Hans Hoffmann (7), Erro (5), Roberto (4), 
Lady's Slipper, "Lady's Slipper" art artist painting Erte, Erte (4), 
Larch , "Larch " art artist painting Camille Pissarro, Camille Pissarro (68), Erte (8), Anne Geddes (4), 
Larkspur , "Larkspur " art artist painting Camille Pissarro, Camille Pissarro (68), Georgia O'Keeffe (44), Osai (13), Erte (6), Python (6), Leonardo da Vinci (5), Anne Geddes (4), Gustav Klimt (4), Henri Matisse (4), Claude Monet (4), Pablo Picasso (4), Jackson Pollock (4), Mark Rothko (4), Alfred Stieglitz (4), Vincent van Gogh (4), Andy Warhol (4), 
Lavender, "Lavender" art artist painting Jackson Pollock, Jackson Pollock (81), Georgia O'Keeffe (54), Jess (30), Arman (15), Lee Krasner (11), 
Leek , "Leek " art artist painting Erro, Erro (5), 
Lemongrass, "Lemongrass" art artist painting Dr. Seuss, Dr. Seuss (7), Erte (5), Claude Monet (4), Osai (4), 
Lemon Verbena, "Lemon Verbena" art artist painting Christo, Christo (17), Jasper Johns (10), An He (6), Osai (6), Richard Diebenkorn (5), Jenny Holzer (5), Salvador Dali (4), 
Lettuce, No results, 
Licorice, "Licorice" art artist painting Osai, Osai (23), Erte (11), Jess (8), Fritz Eichenberg (5), Dr. Seuss (5), Anne Geddes (4), Claude Monet (4), 
Life-Everlasting, No results, 
Lilac, "Lilac" art artist painting Mary Cassatt, Mary Cassatt (166), Vincent van Gogh (33), Claude Monet (28), Angel Ortiz (12), Erte (7), Marc Chagall (6), Erro (6), Paul Gauguin (6), Leonardo da Vinci (6), Leonid (6), Edouard Manet (6), Pierre Bonnard (5), Gustav Klimt (5), Edouard Vuillard (5), Edgar Degas (4), Anne Geddes (4), Thomas Kinkade (4), Norman Rockwell (4), Mark Rothko (4), 
Lily of the Valley, No results, 
Lime, "Lime" art artist painting Egon Schiele, Egon Schiele (17), Osai (11), Andy Warhol (10), Brom (9), Erte (8), Leonardo da Vinci (6), Pablo Picasso (6), Anne Geddes (4), Georgia O'Keeffe (4), 
Linden, "Linden" art artist painting Dale Chihuly, Dale Chihuly (48), Orso (35), Christo (18), Erte (17), Elie Nadelman (5), Georgia O'Keeffe (4), Camille Pissarro (4), Ed Ruscha (4), Cy Twombly (4), Andrew Wyeth (4), 
Liquidamber, "Liquidamber" art artist painting Osai, Osai (9), An He (5), 
Liverwort, "Liverwort" art artist painting Hiroshi Yoshida, Hiroshi Yoshida (267), Kawase Hasui (53), John Lee (6), Dr. Seuss (5), Osai (4), 
Lobella, "Lobella" art artist painting Arman, Arman (77), An He (12), Erte (9), Raphael (7), Canaletto (6), Barbara Hepworth (6), Parr (6), Leonardo da Vinci (5), George Bell (4), Vincent van Gogh (4), 
Loosestrife, "Loosestrife" art artist painting James McNeill Whistler, James McNeill Whistler (96), Erte (4), 
Lovage, "Lovage" art artist painting Raphael, Raphael (48), Edward Burne-Jones (41), Erte (9), 
Love Seed, "Love Seed" art artist painting Leonid, Leonid (96), Kay Sage (66), Albrecht Durer (65), Richard Diebenkorn (59), Moses Soyer (36), Francisco de Goya (30), Alexander Calder (13), Frida Kahlo (13), Andy Warhol (13), Zhang Daqian (8), Claude Monet (6), Louise Bourgeois (5), John Graham (5), Osai (5), Erte (4), 
Lucky Hand, "Lucky Hand" art artist painting Renee Stout, Renee Stout (654), Parr (73), Pierre-Auguste Renoir (24), Jess (10), Orso (9), Wassily Kandinsky (8), William Kentridge (7), An He (6), Rembrandt Bugatti (6), Erte (6), Anne Geddes (4), 
Mace, "Mace" art artist painting Vincent van Gogh, Vincent van Gogh (499), Jean-Michel Basquiat (10), Erte (8), Georgia O'Keeffe (5), Camille Pissarro (5), Ed Ruscha (5), Cy Twombly (5), Andrew Wyeth (5), 
Maguey, "Maguey" art artist painting Amedeo Modigliani, Amedeo Modigliani (108), Frida Kahlo (19), Anna Atkins (12), Diego Rivera (9), Rupert Garcia (6), Vincent van Gogh (4), 
Magnolia, "Magnolia" art artist painting Leonid, Leonid (52), Georg Dionysius Ehret (30), Martin Johnson Heade (21), Parr (12), 
Mahogany, Mountain, No results, 
Maidenhair, "Maidenhair" art artist painting Andrew Wyeth, Andrew Wyeth (1618), Jamie Wyeth (76), N.C. Wyeth (18), Orso (14), Walter Crane (13), Jess (10), Parr (8), An He (6), Erte (5), Gustav Klimt (5), Leonardo da Vinci (5), Claude Monet (5), Dr. Seuss (5), Edgar Degas (4), Sorel Etrog (4), Anne Geddes (4), Peter Graham (4), Henri Matisse (4), Mark Rothko (4), Vincent van Gogh (4), 
Male Fern , "Male Fern " art artist painting Karl Blossfeldt, Karl Blossfeldt (978), Parr (23), Norman Rockwell (11), Andy Goldsworthy (10), Leonardo da Vinci (10), Erte (9), Pablo Picasso (7), Christo (6), John Constable (6), Salvador Dali (6), Jess (6), Osai (6), Francis Towne (6), Andy Warhol (6), Erro (5), Gustav Klimt (5), Man Ray (5), Henri Matisse (5), Claude Monet (5), Herb Ritts (5), Mark Rothko (5), Marc Chagall (4), Anne Geddes (4), Wassily Kandinsky (4), Orso (4), Vincent van Gogh (4), 
Mallow, "Mallow" art artist painting Ilya Repin, Ilya Repin (33), 
Mandrake, "Mandrake" art artist painting John Everett Millais, John Everett Millais (1690), Raphael (599), Milton Avery (89), John Hoppner (76), Camille Pissarro (68), Edvard Munch (60), Agnolo Bronzino (54), Charles Robert Leslie (54), Fra Filippo Lippi (53), Rogier van der Weyden (52), Alonso Sanchez Coello (48), Frans Pourbus the Elder (24), Ilya Repin (24), Francisco de Zurbaran (18), Charles Chaplin (12), Christo (12), John Harris (12), John Ruskin (12), Diego Rivera (8), John Singer Sargent (8), Sir Frank Dicksee (6), William Holman Hunt (6), Gustav Klimt (6), Parr (6), Piero Pollaiolo (6), Dante Gabriel Rossetti (6), Amedeo Modigliani (5), Berthe Morisot (5), 
Maple, "Maple" art artist painting Willie Cole, Willie Cole (7), 
Marigold, "Marigold" art artist painting Emil Nolde, Emil Nolde (48), Arman (12), Osai (9), Orso (6), Erro (5), Andrew Wyeth (5), Leonardo da Vinci (4), Vincent van Gogh (4), 
Marjoram , No results, 
Masterwort, "Masterwort" art artist painting Parr, Parr (18), Osai (10), Brom (5), Erro (5), Christo (4), Carl Faberge (4), 
Mastic, "Mastic" art artist painting Camille Pissarro, Camille Pissarro (69), Leonardo da Vinci (13), Reginald Marsh (4), Python (4), 
May Apple, "May Apple" art artist painting Erro, Erro (4), Claude Monet (4), 
Meadow Rue, "Meadow Rue" art artist painting Bruce Pennington, Bruce Pennington (65), Jess (24), J.R.R. Tolkien (23), Philip Guston (7), Osai (6), An He (5), Alan Lee (5), Erte (4), Reginald Marsh (4), 
Meadowsweet , "Meadowsweet " art artist painting Ben Shahn, Ben Shahn (89), Charles Spencelayh (77), Ben Nicholson (71), John William Waterhouse (60), Thomas Cooper Gotch (54), Raphael (42), Erte (13), John Constable (8), Sir Alfred East (6), Rolinda Sharples (6), John Byam Shaw (6), 
Mesquite, "Mesquite" art artist painting Christo, Christo (4), 
Mimosa, "Mimosa" art artist painting Henri Matisse, Henri Matisse (1530), Camille Pissarro (69), Orso (48), Pablo Picasso (7), Marcel Duchamp (6), 
Mint, "Mint" art artist painting Jess, Jess (73), Roberto (34), Erte (8), Janet Fish (6), Raphael (4), 
Misteltoe, "Misteltoe" art artist painting Pierre Joseph Redoute, Pierre Joseph Redoute (11), Currier and Ives (6), Osai (6), John James Audubon (4), Erte (4), Orso (4), 
Molukka, "Molukka" art artist painting Christo, Christo (4), 
Moonwort, "Moonwort" art artist painting Erte, Erte (42), Christo (38), An He (37), Myron (20), Jess (15), Parr (11), Osai (10), Erro (9), Leonardo da Vinci (8), Nicolaus (8), 
Morning Glory, "Morning Glory" art artist painting Thomas Kinkade, Thomas Kinkade (13), Vincent van Gogh (5), Andrew Wyeth (5), Erro (4), Parr (4), Mark Rothko (4), 
Moss, "Moss" art artist painting George Caleb Bingham, George Caleb Bingham (7), 
Mugwort , "Mugwort " art artist painting Christo, Christo (13), 
Mulberry, No results, 
Mullein, "Mullein" art artist painting Robert Bateman, Robert Bateman (59), Antico (9), Parr (6), Cecilia Beaux (4), Thomas Kinkade (4), Jacek Malczewski (4), 
Mustard, Black, "Mustard, Black" art artist painting Osai, Osai (62), An He (35), Erte (18), Jasper Johns (12), Ansel Adams (7), Charles Rennie Mackintosh (5), Tintoretto (5), Erro (4), Keith Haring (4), William Morris (4), Oltos (4), 
Myrrh, No results, 
Myrtle , "Myrtle " art artist painting Georgia O'Keeffe, Georgia O'Keeffe (4), Camille Pissarro (4), Ed Ruscha (4), Cy Twombly (4), Andrew Wyeth (4), 
Nettle, "Nettle" art artist painting Camille Pissarro, Camille Pissarro (68), Antico (13), Arthur Wardle (11), Dr. Seuss (7), Anne Geddes (4), Gustav Klimt (4), Vincent van Gogh (4), 
Norfolk Island Pine, "Norfolk Island Pine" art artist painting Osai, Osai (74), Pablo Picasso (74), Jean-Antoine Houdon (54), Amedeo Modigliani (47), Jim Dine (34), Maya Lin (25), Christo (23), Merrill Mahaffey (20), Sandy Skoglund (20), Jerry Uelsmann (20), Jeanne-Claude (18), Philip Pearlstein (18), Edward Borein (17), Erro (13), Francisco Zuniga (10), Georgia O'Keeffe (9), Jasper Johns (8), Orso (8), 
Nutmeg, "Nutmeg" art artist painting Christo, Christo (6), Dr. Seuss (5), 
Nuts, "Nuts" art artist painting Erte, Erte (10), Raphael (9), Raphaelle Peale (8), Andrew Wyeth (5), 
Oak , "Oak " art artist painting Osai, Osai (23), Erte (4), 
Oats, "Oats" art artist painting Erte, Erte (65), George Clint (4), 
Oleander, "Oleander" art artist painting Pablo Picasso, Pablo Picasso (78), Vincent van Gogh (54), Gustav Klimt (5), Claude Monet (5), Andrew Wyeth (5), 
Olive, "Olive" art artist painting Vincent van Gogh, Vincent van Gogh (27), Henri Matisse (6), Olive Rush (6), Erro (4), Paul Gauguin (4), 
Onion, "Onion" art artist painting Andrew Wyeth, Andrew Wyeth (5), 
Orange, "Orange" art artist painting Jess, Jess (6), Vincent van Gogh (5), Fernando Botero (4), 
Orchid, No results, 
Oregon Grape, "Oregon Grape" art artist painting Ito Jakuchu, Ito Jakuchu (96), Osai (9), Antico (8), Parr (5), 
Orris , "Orris " art artist painting Morris Louis, Morris Louis (28), Helen Frankenthaler (11), Jackson Pollock (10), Kenneth Noland (9), Ellsworth Kelly (7), Franz Kline (6), Barnett Newman (6), Frank Stella (6), Max Beckmann (5), Arshile Gorky (5), Jules Olitski (5), David Smith (5), Jack Tworkov (5), Erte (4), David Alfaro Siqueiros (4), 
Palm, Date, No results, 
Pansy, "Pansy" art artist painting Georgia O'Keeffe, Georgia O'Keeffe (7), Camille Pissarro (4), Ed Ruscha (4), Cy Twombly (4), Andrew Wyeth (4), 
Papaya, "Papaya" art artist painting Edward Julius Detmold, Edward Julius Detmold (48), Howard Pyle (24), Georg Dionysius Ehret (17), Python (6), Erte (5), 
Papyrus, "Papyrus" art artist painting Erte, Erte (9), Anne Geddes (4), 
Parosela, "Parosela" art artist painting Parr, Parr (18), Erte (13), Jess (8), Erro (7), An He (5), Christo (5), Arman (4), 
Parsley, "Parsley" art artist painting John Singer Sargent, John Singer Sargent (84), Leonid (66), Erte (7), Parr (5), Erro (4), 
Passion Flower, "Passion Flower" art artist painting Leonid, Leonid (188), Frida Kahlo (83), Nickolas Muray (22), Osai (9), Vincent van Gogh (8), Joos van Cleve (6), Erte (5), Leonardo da Vinci (5), Georgia O'Keeffe (5), Anne Geddes (4), 
Patchouly, "Patchouly" art artist painting Egon Schiele, Egon Schiele (222), Diego Rivera (208), Erte (160), Parr (129), Henri de Toulouse-Lautrec (101), Salvador Dali (47), Paul Cezanne (42), Erro (23), Osai (23), Brom (20), An He (17), Python (17), William Roberts (12), Raphael (11), Amedeo Modigliani (8), Vincent van Gogh (8), Frida Kahlo (7), Francis Bacon (5), Marc Chagall (5), Edgar Degas (5), Paul Gauguin (5), Jess (5), Gustav Klimt (5), Pablo Picasso (5), Auguste Rodin (5), Arman (4), Christo (4), 
Pea, "Pea" art artist painting Gustav Klimt, Gustav Klimt (526), Joan Eardley (215), Felice Casorati (60), Salvador Dali (24), Pablo Picasso (18), Edgar Degas (8), John Singer Sargent (8), Erro (6), Giovanni Boldini (5), Paul Gauguin (5), Vincent van Gogh (5), Edouard Vuillard (5), John William Waterhouse (5), 
Peach, "Peach" art artist painting Leonid, Leonid (60), Andrew Wyeth (8), Christo (6), Leonardo da Vinci (4), Vincent van Gogh (4), 
Pear, "Pear" art artist painting Georgia O'Keeffe, Georgia O'Keeffe (6), Camille Pissarro (6), Ed Ruscha (6), Cy Twombly (6), Vincent van Gogh (6), Andrew Wyeth (6), Erte (4), 
Pecan, No results, 
Pennyroyal, "Pennyroyal" art artist painting Cesar, Cesar (6), 
Peony, "Peony" art artist painting Li Hua, Li Hua (14), 
Pepper, "Pepper" art artist painting An He, An He (43), Erro (5), Andrew Wyeth (5), Leonardo da Vinci (4), 
Peppermint, "Peppermint" art artist painting Paul Cezanne, Paul Cezanne (15), Parr (8), Osai (6), Erte (5), Claude Monet (5), Pierre-Auguste Renoir (4), 
Pepper Tree, "Pepper Tree" art artist painting Vincent van Gogh, Vincent van Gogh (11), Gustav Klimt (5), Claude Monet (5), Parr (5), Erte (4), Ellen Burpee Farr (4), 
Periwinkle, "Periwinkle" art artist painting Vincent van Gogh, Vincent van Gogh (54), Childe Hassam (49), Parr (29), Osai (24), Erte (17), Dale Chihuly (16), Christo (16), Claude Monet (5), Anne Geddes (4), 
Persimmon, "Persimmon" art artist painting Sakai Hoitsu, Sakai Hoitsu (7), Cecilia Beaux (6), Faith Ringgold (6), John Singer Sargent (6), May Stevens (6), Anders Zorn (6), Joan Snyder (4), 
Pilot Weed , No results, 
Pimento, No results, 
Pimpernel, "Pimpernel" art artist painting William Morris, William Morris (104), Vincent van Gogh (6), Edgar Degas (5), Erte (5), Gustav Klimt (5), Andy Warhol (5), Marc Chagall (4), Keith Haring (4), Frida Kahlo (4), Leonardo da Vinci (4), Roy Lichtenstein (4), Claude Monet (4), Pablo Picasso (4), Raphael (4), Norman Rockwell (4), 
Pine, "Pine" art artist painting Tom Thomson, Tom Thomson (18), Nancy Glazier (4), Osai (4), Howard Terpning (4), 
Pineapple, "Pineapple" art artist painting Jess, Jess (66), Erte (32), Andrew Wyeth (5), 
Pipsissewa , No results, 
Pistachio, "Pistachio" art artist painting Osai, Osai (477), Camille Pissarro (68), An He (25), Parr (19), Erte (14), Dr. Seuss (5), Anne Geddes (4), 
Plantain, "Plantain" art artist painting Qi Baishi, Qi Baishi (18), Erte (8), 
Plum, "Plum" art artist painting Hiroshige II, Hiroshige II (8), Kano Sansetsu (8), Li Hua (6), Osai (5), 
Plum, Wild, "Plum, Wild" art artist painting Edward Burne-Jones, Edward Burne-Jones (30), MacKay (27), Orso (18), Mark Rothko (13), Odilon Redon (12), Erte (11), Jackson Pollock (7), Wassily Kandinsky (5), Henri Matisse (5), Erro (4), Jasper Johns (4), 
Plumeria, No results, 
Poke , "Poke " art artist painting Parr, Parr (13), Erte (7), Jess (4), 
Poplar, "Poplar" art artist painting Paul Cezanne, Paul Cezanne (46), Claude Monet (35), Gustav Klimt (26), Vincent van Gogh (18), Gustave Courbet (15), David Roberts (9), Leonardo da Vinci (7), Edgar Degas (6), Edouard Manet (6), Thomas Moran (6), Albert Bierstadt (5), Thomas Cole (5), Erte (5), Andrew Wyeth (5), Anne Geddes (4), Thomas Kinkade (4), Camille Pissarro (4), 
Poppy, "Poppy" art artist painting Osai, Osai (6), 
Prickly Ash, "Prickly Ash" art artist painting Jess, Jess (20), Osai (6), An He (5), Erte (4), 
Primrose, "Primrose" art artist painting Frank Auerbach, Frank Auerbach (1233), Jess (20), Glenn Brown (18), Brom (9), Paul Cezanne (6), Andrew Wyeth (5), Leonardo da Vinci (4), 
Purslane, "Purslane" art artist painting Thomas Kinkade, Thomas Kinkade (544), Jess (78), Georgia O'Keeffe (73), Andrew Wyeth (64), Claude Monet (61), Vincent van Gogh (54), Thomas Woodward (30), George Dunlop Leslie (12), Jessie Willcox Smith (12), Osai (7), Anton Mauve (6), James Tissot (6), Erte (5), 
Quassia, "Quassia" art artist painting Parr, Parr (19), An He (14), Pierre Joseph Redoute (11), James Gillray (10), Currier and Ives (6), Erte (6), John James Audubon (4), 
Quince, "Quince" art artist painting Keith Vaughan, Keith Vaughan (54), John Minton (12), Graham Sutherland (12), Andrew Wyeth (7), 
Radish, "Radish" art artist painting Jess, Jess (12), 
Ragweed, "Ragweed" art artist painting MacKay, MacKay (65), Gustav Klimt (41), Vincent van Gogh (11), Claude Monet (5), 
Ragwort, "Ragwort" art artist painting Christo, Christo (14), Osai (10), Erte (7), 
Raspberry, "Raspberry" art artist painting Anne Geddes, Anne Geddes (4), 
Rattlesnake Root, "Rattlesnake Root" art artist painting Robert Rauschenberg, Robert Rauschenberg (8), 
Rhubarb, "Rhubarb" art artist painting Camille Pissarro, Camille Pissarro (68), Parr (58), Carl Larsson (28), Erte (16), Hung Liu (12), Leonardo da Vinci (5), Nikolai Astrup (4), Anne Geddes (4), 
Rice, "Rice" art artist painting Jess, Jess (23), Youqua (23), Osai (12), Georgia O'Keeffe (7), Camille Pissarro (7), Ed Ruscha (7), Cy Twombly (7), Andrew Wyeth (7), Erte (5), 
Roots, "Roots" art artist painting Frida Kahlo, Frida Kahlo (13), Mark Rothko (13), Jackson Pollock (7), Wassily Kandinsky (6), Diego Rivera (6), Henri Matisse (5), Jasper Johns (4), Claude Monet (4), 
Rose, "Rose" art artist painting Leonid, Leonid (59), Erte (4), Vincent van Gogh (4), 
Rosemary, "Rosemary" art artist painting Georgia O'Keeffe, Georgia O'Keeffe (6), Parr (6), Camille Pissarro (5), Ed Ruscha (5), Cy Twombly (5), Andrew Wyeth (5), Erro (4), 
Rowan, "Rowan" art artist painting Leonid, Leonid (312), Erte (13), Jane Wilson (6), Georgia O'Keeffe (5), Erro (4), 
Rue , "Rue " art artist painting Mark Rothko, Mark Rothko (13), Jean Beraud (10), Georgia O'Keeffe (7), Camille Pissarro (7), Jackson Pollock (7), Ed Ruscha (6), Cy Twombly (6), Andrew Wyeth (6), Wassily Kandinsky (5), Henri Matisse (5), Jasper Johns (4), 
Rye, "Rye" art artist painting Erte, Erte (4), 
Saffron , "Saffron " art artist painting Erro, Erro (8), Erte (5), 
Sage, "Sage" art artist painting Kay Sage, Kay Sage (30), 
Sagebrush, No results, 
St. John's Wort, "St. John's Wort" art artist painting Harry Clarke, Harry Clarke (110), Sir John Lavery (53), Jess (31), John William Godward (10), Francis Bacon (7), Edward Robert Hughes (7), Jack Vettriano (7), Edouard Vuillard (7), Erte (6), Emil Nolde (5), Osai (4), 
Sandalwood, White, "Sandalwood, White" art artist painting An He, An He (111), Rene Lalique (60), Jean-Honore Fragonard (57), Gego (35), Arman (26), Jess (25), Moderno (15), De Es (6), Christian Dior (6), Christo (5), Osai (5), 
Sandalwood, Red, "Sandalwood, Red" art artist painting Jess, Jess (7), Arman (4), Charles David (4), Karl Lagerfeld (4), 
Sandarac, Gum, No results, 
Sarsaparilla, "Sarsaparilla" art artist painting Parr, Parr (22), Erte (8), Jackson Pollock (5), Andy Warhol (5), Leon Golub (4), Gustav Klimt (4), Henri Matisse (4), Claude Monet (4), Pablo Picasso (4), Python (4), Mark Rothko (4), Vincent van Gogh (4), 
Sassafras, "Sassafras" art artist painting Leonid, Leonid (70), Vincent van Gogh (15), Jean-Michel Basquiat (9), Gustav Klimt (8), Claude Monet (8), Dr. Seuss (5), Edgar Degas (4), Anne Geddes (4), Thomas Kinkade (4), Leonardo da Vinci (4), Roy Lichtenstein (4), Osai (4), 
Savory, Summer, No results, 
Scullcap, "Scullcap" art artist painting Paul Cezanne, Paul Cezanne (126), An He (7), Claude Monet (4), 
Senna, "Senna" art artist painting Gustave Caillebotte, Gustave Caillebotte (1624), John William Hill (65), David Hockney (48), Erte (16), Edgar Degas (8), Alan Green (6), Leonardo da Vinci (5), Claude Monet (5), An He (4), Anne Geddes (4), Pierre-Auguste Renoir (4), 
Sesame, "Sesame" art artist painting Vincent van Gogh, Vincent van Gogh (79), Wayne Thiebaud (68), Paul Klee (65), Erte (59), Andy Warhol (36), Osai (27), Pablo Picasso (16), Erro (11), M.C. Escher (7), Joan Miro (7), An He (6), Peter Blake (6), Henri Matisse (6), William Wegman (6), Jasper Johns (5), Frank Stella (5), Helen Frankenthaler (4), Jess (4), Dr. Seuss (4), 
Shallot, "Shallot" art artist painting Raphael, Raphael (179), John William Waterhouse (145), Atkinson Grimshaw (94), Charles Robinson (71), Walter Crane (70), John Melhuish Strudwick (65), Dante Gabriel Rossetti (57), David Johnson (30), William Holman Hunt (28), Kinuko Y. Craft (24), Claude Monet (13), David Wilkie Wynfield (13), Vincent van Gogh (12), Erte (8), Albert Bierstadt (7), Gustav Klimt (7), Christo (6), Edgar Degas (5), Parr (5), Leonardo da Vinci (4), Pablo Picasso (4), Pierre-Auguste Renoir (4), 
Skunk Cabbage, "Skunk Cabbage" art artist painting Georgia O'Keeffe, Georgia O'Keeffe (671), Claude Monet (9), Gustav Klimt (7), Pablo Picasso (7), Salvador Dali (6), Wassily Kandinsky (6), Fernando Botero (5), Marc Chagall (5), Edward Hopper (5), Paul Klee (5), Vincent van Gogh (5), Diego Rivera (4), Mark Rothko (4), 
Slippery Elm, "Slippery Elm" art artist painting Emily Carr, Emily Carr (128), Robert Bateman (119), Parr (10), Christo (9), Erte (9), An He (8), Ansel Adams (6), Leonora Carrington (6), Brian Froud (5), Childe Hassam (5), Jess (5), Osai (5), John Constable (4), 
Sloe, No results, 
Snakeroot, "Snakeroot" art artist painting Erro, Erro (5), 
Snakeroot, Black, No results, 
Snapdragon, "Snapdragon" art artist painting Camille Pissarro, Camille Pissarro (68), Arthur John Elsley (39), Eugene Grasset (22), Osai (16), Erte (6), Emil Nolde (6), Leonardo da Vinci (5), Georgia O'Keeffe (5), Anne Geddes (4), Parr (4), 
Solomon's Seal , "Solomon's Seal " art artist painting Egon Schiele, Egon Schiele (84), Emily Carr (53), Parr (47), Erte (19), Osai (8), Norman Rockwell (7), Gustav Klimt (6), John Singer Sargent (6), Raphael (5), Dr. Seuss (4), 
Sorrel Wood, "Sorrel Wood" art artist painting Erte, Erte (12), 
Southernwood, "Southernwood" art artist painting Walter Withers, Walter Withers (21), An He (12), Christo (5), Erro (5), Arthur Streeton (4), 
Spanish Moss, "Spanish Moss" art artist painting Michael David, Michael David (83), Anders Zorn (35), Osai (11), John Singer Sargent (6), Brom (4), Parr (4), 
Spearmint, "Spearmint" art artist painting Glenn Brown, Glenn Brown (4), 
Spiderwort, "Spiderwort" art artist painting Hokusai Katsushika, Hokusai Katsushika (18), Claude Monet (7), Osai (7), Erro (6), Hashiguchi Goyo (6), Erte (5), Jess (4), 
Spikenard, "Spikenard" art artist painting Osai, Osai (11), Olafur Eliasson (10), Helen Frankenthaler (10), Marc Chagall (8), Edward Hopper (8), Alexander Calder (7), Marcel Duchamp (7), Sandro Botticelli (4), Erte (4), 
Squill, "Squill" art artist painting Jess, Jess (31), Dr. Seuss (5), 
Star Anise, "Star Anise" art artist painting Emile A. Gruppe, Emile A. Gruppe (12), 
Stillengia, "Stillengia" art artist painting Edward Gorey, Edward Gorey (4), 
Straw , "Straw " art artist painting Nicolo, Nicolo (102), Parr (37), Paul Cezanne (10), Leonid (10), Osai (7), Emil Nolde (6), 
Strawberry , "Strawberry " art artist painting Vincent van Gogh, Vincent van Gogh (6), Andrew Wyeth (6), Jess (5), Erte (4), Leonardo da Vinci (4), 
Sugar Cane, "Sugar Cane" art artist painting Vincent van Gogh, Vincent van Gogh (11), Erro (8), Claude Monet (7), Diego Rivera (6), Erte (5), Gustav Klimt (5), 
Sumbul, "Sumbul" art artist painting Norman Rockwell, Norman Rockwell (1518), Jess (79), Raphael (6), 
Sunflower, "Sunflower" art artist painting Vincent van Gogh, Vincent van Gogh (153), Erte (17), Jess (16), Paul Gauguin (6), Gustav Klimt (5), Claude Monet (5), Georgia O'Keeffe (4), 
Sweetgrass, "Sweetgrass" art artist painting Erte, Erte (6), Russell Chatham (4), 
Sweetpea, "Sweetpea" art artist painting Christo, Christo (99), Jane Freeman (41), Dale Chihuly (36), Margaret Tarrant (24), Erte (11), Osai (9), William Herbert Dunton (7), David Smith (6), 
Tamarind, No results, 
Tamarisk, "Tamarisk" art artist painting Edouard Manet, Edouard Manet (162), Suzanne Valadon (88), Emil Carlsen (54), Paul Gauguin (53), Daniel Garber (30), Damien Hirst (14), Alex Katz (13), Sol LeWitt (13), Guy Rose (13), James Welling (13), Pierre Puvis de Chavannes (10), Erte (6), Pierre Bonnard (5), 
Tansy, "Tansy" art artist painting Parr, Parr (14), Erro (6), Dr. Seuss (5), Georgia O'Keeffe (4), 
Tea, "Tea" art artist painting Erte, Erte (17), 
Thistle, No results, 
Thistle, Holy, No results, 
Thistle, Milk, "Thistle, Milk" art artist painting Jess, Jess (14), Ben Shahn (12), Osai (10), Erte (6), Moderno (6), Donatello (4), Diego Rivera (4), 
Thyme, "Thyme" art artist painting Hung Liu, Hung Liu (94), William Morris (83), Charles Rennie Mackintosh (72), Nicolo (53), Parr (43), Ted Long (29), Jess (20), Osai (16), Margaret MacDonald (12), Gustav Klimt (7), Emil Nolde (6), Richard Diebenkorn (5), Vincent van Gogh (5), Claude Monet (4), Norman Rockwell (4), Mark Rothko (4), 
Ti, "Ti" art artist painting Titian, Titian (108), Osai (50), Giorgione (14), Parr (8), Giovanni Bellini (6), 
Toadflax, "Toadflax" art artist painting Giovanni Bellini, Giovanni Bellini (44), Titian (10), Marco Basaiti (9), Arthur Rackham (9), Erte (8), Clive Barker (7), Jacopo Bellini (7), Giorgione (6), Alvise Vivarini (6), Gentile Bellini (5), Rocco Marconi (5), Christo (4), Roger Fry (4), Osai (4), Andrea Previtali (4), 
Toadstool, No results, 
Tobacco , "Tobacco " art artist painting Peter Hurd, Peter Hurd (9), Andrew Wyeth (8), Vincent van Gogh (7), Erte (4), 
Tomato, "Tomato" art artist painting Andy Warhol, Andy Warhol (1438), Roy Lichtenstein (85), Parr (72), Jess (66), Wassily Kandinsky (66), John George Brown (65), Pablo Picasso (27), Edouard Manet (8), Vincent van Gogh (8), Thomas Kinkade (7), Walter Gropius (6), Gustav Klimt (6), Osai (6), Thomas Moran (5), LeRoy Neiman (5), Thomas Cole (4), Claude Monet (4), 
Tonka , "Tonka " art artist painting Jim Warren, Jim Warren (6), 
Tormentil, "Tormentil" art artist painting Parr, Parr (50), Brom (44), Wols (22), Erro (12), An He (11), Pierre Joseph Redoute (11), Erte (10), Christo (8), Currier and Ives (8), Thomas Kinkade (7), Vanessa Beecroft (5), William Eggleston (5), Gary Hume (5), Arman (4), John James Audubon (4), Louise Bourgeois (4), Salvador Dali (4), Ian Davenport (4), Tara Donovan (4), Kendell Geers (4), William Kentridge (4), Raphael (4), Michal Rovner (4), Rebecca Warren (4), 
Tragacanth Gum, "Tragacanth Gum" art artist painting Carlo Crivelli, Carlo Crivelli (60), 
Trillium, "Trillium" art artist painting Osai, Osai (36), Aaron Draper Shattuck (30), Claude Monet (24), Erte (15), Andy Goldsworthy (11), Jess (10), David Roberts (8), Vincent van Gogh (6), Piet Mondrian (5), Anne Geddes (4), 
Tulip, "Tulip" art artist painting Parr, Parr (7), Raymond Saunders (7), 
Turmeric, "Turmeric" art artist painting An He, An He (41), Jess (6), Osai (6), 
Turnip, "Turnip" art artist painting Henri Matisse, Henri Matisse (278), Claude Monet (97), Leonardo da Vinci (88), David Hockney (77), Roy Lichtenstein (72), Jess (67), Jean-Michel Basquiat (65), Edouard Manet (65), Mary Cassatt (53), Barbara Kruger (48), Vincent van Gogh (48), Parr (42), Georgia O'Keeffe (37), Mark Rothko (36), Osai (27), Andy Warhol (23), Joan Miro (13), Edgar Degas (9), James Gurney (9), Banksy (7), Alphonse Mucha (6), Joseph Mallord William Turner (6), Louise Bourgeois (5), Marc Chagall (5), Helen Frankenthaler (5), Frida Kahlo (5), Jackson Pollock (5), John Singer Sargent (5), Erte (4), 
Tragacanth can be used to bring the ethereal into the depths of dreamland, or the subconscious, by blending Tragacanth with symbols of the elements of ethereal and using this to fill a dream pillow. , No results, 
Valerian, "Valerian" art artist painting Leonid, Leonid (91), Eyvind Earle (53), Erte (24), Lorenzo Costa (17), Parr (13), Andrew Wyeth (10), Jess (9), Jean-Baptiste-Camille Corot (7), Claude Monet (7), Camille Pissarro (6), Georgia O'Keeffe (5), Ed Ruscha (5), Cy Twombly (5), George Dawe (4), 
Vanilla, "Vanilla" art artist painting Erro, Erro (18), Peter Doig (6), 
Venus' Flytrap, No results, 
Vervain, "Vervain" art artist painting Jess, Jess (1050), Andy Warhol (17), Damien Hirst (14), Robert Rauschenberg (14), Alex Katz (13), Sol LeWitt (13), James Welling (13), Dan Flavin (11), Martin Kippenberger (11), Erte (10), Robert Longo (8), Parr (8), Tom Wesselmann (8), Osai (7), Laura Owens (7), Richard Phillips (7), Richard Prince (7), 
Vetch, Giant, No results, 
Vetivert, "Vetivert" art artist painting Erte, Erte (8), An He (6), Erro (4), 
Violet, "Violet" art artist painting Mark Rothko, Mark Rothko (13), Jackson Pollock (7), Wassily Kandinsky (5), Henri Matisse (5), Georgia O'Keeffe (5), Jasper Johns (4), Christian Riese Lassen (4), Camille Pissarro (4), Ed Ruscha (4), Cy Twombly (4), Andrew Wyeth (4), 
Wahoo, "Wahoo" art artist painting Gustav Klimt, Gustav Klimt (18), Raphael (13), Leonardo da Vinci (12), Pablo Picasso (12), Vincent van Gogh (11), El Greco (10), Francis Bacon (9), Fra Angelico (6), Caravaggio (6), Howard Finster (6), Claude Monet (6), John Everett Millais (5), Egon Schiele (5), George Caleb Bingham (4), Sandro Botticelli (4), Paul Gauguin (4), Francisco de Goya (4), William Holman Hunt (4), Frida Kahlo (4), Pietro da Cortona (4), Rembrandt van Rijn (4), 
Walnut, "Walnut" art artist painting Pierre Soulages, Pierre Soulages (1423), Christian Dior (42), Parr (42), Isaac Israels (35), Sonia Delaunay (12), Agnes Goodsir (12), Raphael (12), Pablo Picasso (8), Johann Gottfried Schadow (6), Paul Gauguin (5), Gustav Klimt (5), Franz Kline (5), David Smith (5), 
Wax Plant, No results, 
Wheat , "Wheat " art artist painting Christo, Christo (219), Vincent van Gogh (13), Andrew Wyeth (7), Parr (4), 
Willow, "Willow" art artist painting Leonid, Leonid (52), 
Wintergreen, "Wintergreen" art artist painting Claude Monet, Claude Monet (112), Gustave Courbet (68), Lewis Smith (36), Osai (6), Erte (4), 
Winter's Bark, "Winter's Bark" art artist painting Erte, Erte (57), An He (33), Parr (33), Erro (30), Walter Fitch (30), Brom (20), Osai (9), Arman (7), Jess (6), Orso (6), Antico (5), Nicolo (5), Python (5), Titian (4), 
Witch Grass, "Witch Grass" art artist painting Adam Fuss, Adam Fuss (78), Darren Almond (72), Egon Schiele (68), Pae White (66), An He (42), Vincent van Gogh (11), Hieronymus Bosch (8), Man Ray (8), Caravaggio (7), Erte (7), Anselm Kiefer (5), Gustav Klimt (5), Claude Monet (5), 
Witch Hazel, "Witch Hazel" art artist painting Charles Rennie Mackintosh, Charles Rennie Mackintosh (1620), Margaret MacDonald (168), Christo (10), Ellsworth Kelly (6), Beatrix Potter (5), 
Wolf's Bane, "Wolf's Bane" art artist painting Roberto, Roberto (83), Rosalba Carriera (72), Edward Burne-Jones (71), Michelangelo Buonarroti (71), Alexandre Cabanel (59), Pablo Picasso (59), Rogier van der Weyden (48), Lorenzo Lotto (42), De Es (36), Jacques-Louis David (30), Raphael (24), Sir Peter Lely (23), Jess (22), John Nash (21), Ivan Nikolaevich Kramskoy (12), Leonardo da Vinci (10), Osai (10), Titian (9), El Greco (8), Erro (6), Erte (6), Tom Kidd (6), Vicente Lopez y Portana (6), John William Waterhouse (5), Eileen Agar (4), Karl Blossfeldt (4), Thomas Cole (4), Charles Cottet (4), Daniel Garber (4), Anne Geddes (4), Nancy Graves (4), William Hogarth (4), Pieter de Hooch (4), Ernst Ludwig Kirchner (4), Claude Monet (4), Parr (4), Hubert Robert (4), Egon Schiele (4), Rufino Tamayo (4), Konstantinos Volanakis (4), Zhang Daqian (4), 
Wood Rose, "Wood Rose" art artist painting Erte, Erte (4), Georgia O'Keeffe (4), Python (4), Vincent van Gogh (4), 
Woodruff , "Woodruff " art artist painting Dr. Seuss, Dr. Seuss (17), Hale Woodruff (17), Erte (14), Camille Pissarro (6), Georgia O'Keeffe (5), Ed Ruscha (5), Cy Twombly (5), Andrew Wyeth (5), Erro (4), 
Wormwood, "Wormwood" art artist painting Pablo Picasso, Pablo Picasso (1492), Erte (19), John James Audubon (13), Vincent van Gogh (10), Edgar Degas (8), Banksy (6), Dr. Seuss (5), Paul Gauguin (4), Edouard Manet (4), 
Yarrow, "Yarrow" art artist painting Edouard Cortes, Edouard Cortes (494), Osai (7), 
Yellow Evening Primrose, "Yellow Evening Primrose" art artist painting Christo, Christo (48), Osai (21), An He (8), Myron (4), 
Yerba Mate, "Yerba Mate" art artist painting Diego Rivera, Diego Rivera (815), Frida Kahlo (140), Andy Goldsworthy (72), Banksy (7), David Nash (6), Pablo Picasso (6), Raphael (6), Parr (4), 
Yerba Santa , "Yerba Santa " art artist painting Parr, Parr (20), Erte (13), An He (8), Python (8), Ansel Adams (6), Kerry James Marshall (5), 
Yew , "Yew " art artist painting Vincent van Gogh, Vincent van Gogh (11), Gustav Klimt (5), Claude Monet (5), 
Yohimbe, "Yohimbe" art artist painting Jess, Jess (5), Christo (4), Erte (4), 
Yucca , "Yucca " art artist painting Margaret Tafoya, Margaret Tafoya (65), Jess (53), An He (12), 
